
-- 先数据sql 查询是否存在,再决定是否删除
delete from nb_authority where object_rrn in ('88883','88884');
delete from nb_table where object_rrn in ('-6276044821400375296','-5927448154306760704','-6276026874342658048');
delete from nb_field where table_rrn in ('-6276044821400375296','-5927448154306760704','-6276026874342658048');

-- nb_authority
insert into nb_authority (OBJECT_RRN, ACTIVE_FLAG, ORG_RRN, NAME, DESCRIPTION, PARENT_RRN, AUTHORITY_TYPE, AUTHORITY_CATEGORY, IMAGE, LABEL_EN, LABEL_ZH, LABEL_RES, SEQ_NO, TABLE_RRN, URL, PARAMETER1, PARAMETER2, PARAMETER3, PARAMETER4, PARAMETER5, MOBILE_FLAG)
values ('88883', 'Y', '0', 'VCImportReturnLotOrder', '退货单导入', '6110', 'M', 'MMS', 'icon-wuliao', 'ImportReturnMLotOrder', '退货单导入', null, '30', '-6276044821400375296', '/VC/ImportReturnLotOrder', 'VCImportReturnLotOrder', null, null, null, null, 'N');

insert into nb_authority (OBJECT_RRN, ACTIVE_FLAG, ORG_RRN, NAME, DESCRIPTION, PARENT_RRN, AUTHORITY_TYPE, AUTHORITY_CATEGORY, IMAGE, LABEL_EN, LABEL_ZH, LABEL_RES, SEQ_NO, TABLE_RRN, URL, PARAMETER1, PARAMETER2, PARAMETER3, PARAMETER4, PARAMETER5, MOBILE_FLAG)
values ('88884', 'Y', '0', 'VCReturnGoods', '退货', '6110', 'M', 'MMS', 'icon-wuliao', 'ReturnGoods', '退货单', null, '40', '-5927448154306760704', '/VC/VCReturnGoods', '-6276026874342658048', null, null, null, null, 'N');

-- nb_field
insert into nb_field (OBJECT_RRN, ACTIVE_FLAG, ORG_RRN, NAME, DESCRIPTION, COLUMN_NAME, TABLE_RRN, TAB_RRN, SEQ_NO, DISPLAY_LENGTH, DISPLAY_TYPE, NAMING_RULE, KEY_FLAG, NEGATIVE_FLAG, REF_LIST_NAME, REF_TABLE_NAME, REFERENCE_RULE, DEFAULT_VALUE, DISPLAY_FLAG, BASIC_FLAG, MAIN_FLAG, READONLY_FLAG, REQUIRED_FLAG, UPPER_FLAG, FROM_PARENT, QUERY_FLAG, QUERY_REQUIRE_FLAG, ALL_LINE, EDITABLE, LABEL, LABEL_ZH, LABEL_RES, QUERY_LIKE_FLAG)
values ('-5927370993071804416', 'Y', '0', 'handledQty', '已处理数量', null, '-5927448154306760704', null, '30', '100', 'int', null, 'N', 'N', null, null, null, null, 'Y', 'Y', 'Y', 'N', 'N', 'N', 'N', 'N', 'N', null, 'Y', 'handledQty', '已处理数量', null, 'N');

insert into nb_field (OBJECT_RRN, ACTIVE_FLAG, ORG_RRN, NAME, DESCRIPTION, COLUMN_NAME, TABLE_RRN, TAB_RRN, SEQ_NO, DISPLAY_LENGTH, DISPLAY_TYPE, NAMING_RULE, KEY_FLAG, NEGATIVE_FLAG, REF_LIST_NAME, REF_TABLE_NAME, REFERENCE_RULE, DEFAULT_VALUE, DISPLAY_FLAG, BASIC_FLAG, MAIN_FLAG, READONLY_FLAG, REQUIRED_FLAG, UPPER_FLAG, FROM_PARENT, QUERY_FLAG, QUERY_REQUIRE_FLAG, ALL_LINE, EDITABLE, LABEL, LABEL_ZH, LABEL_RES, QUERY_LIKE_FLAG)
values ('-5927406075975290880', 'Y', '0', 'name', '单据号', null, '-5927448154306760704', null, '10', '100', 'text', null, 'N', 'N', null, null, null, null, 'Y', 'Y', 'Y', 'N', 'N', 'N', 'N', 'Y', 'N', null, 'Y', 'docId', '单据号', null, 'N');

insert into nb_field (OBJECT_RRN, ACTIVE_FLAG, ORG_RRN, NAME, DESCRIPTION, COLUMN_NAME, TABLE_RRN, TAB_RRN, SEQ_NO, DISPLAY_LENGTH, DISPLAY_TYPE, NAMING_RULE, KEY_FLAG, NEGATIVE_FLAG, REF_LIST_NAME, REF_TABLE_NAME, REFERENCE_RULE, DEFAULT_VALUE, DISPLAY_FLAG, BASIC_FLAG, MAIN_FLAG, READONLY_FLAG, REQUIRED_FLAG, UPPER_FLAG, FROM_PARENT, QUERY_FLAG, QUERY_REQUIRE_FLAG, ALL_LINE, EDITABLE, LABEL, LABEL_ZH, LABEL_RES, QUERY_LIKE_FLAG)
values ('-5927389224671105024', 'Y', '0', 'qty', '数量', null, '-5927448154306760704', null, '20', '100', 'int', null, 'N', 'N', null, null, null, null, 'Y', 'Y', 'Y', 'N', 'N', 'N', 'N', 'N', 'N', null, 'Y', 'qty', '数量', null, 'N');

insert into nb_field (OBJECT_RRN, ACTIVE_FLAG, ORG_RRN, NAME, DESCRIPTION, COLUMN_NAME, TABLE_RRN, TAB_RRN, SEQ_NO, DISPLAY_LENGTH, DISPLAY_TYPE, NAMING_RULE, KEY_FLAG, NEGATIVE_FLAG, REF_LIST_NAME, REF_TABLE_NAME, REFERENCE_RULE, DEFAULT_VALUE, DISPLAY_FLAG, BASIC_FLAG, MAIN_FLAG, READONLY_FLAG, REQUIRED_FLAG, UPPER_FLAG, FROM_PARENT, QUERY_FLAG, QUERY_REQUIRE_FLAG, ALL_LINE, EDITABLE, LABEL, LABEL_ZH, LABEL_RES, QUERY_LIKE_FLAG)
values ('-5927350312804274176', 'Y', '0', 'unHandledQty', '未处理数量', null, '-5927448154306760704', null, '40', '100', 'int', null, 'N', 'N', null, null, null, null, 'Y', 'Y', 'Y', 'N', 'N', 'N', 'N', 'N', 'N', null, 'Y', 'unHandledQty', '未处理数量', null, 'N');

insert into nb_field (OBJECT_RRN, ACTIVE_FLAG, ORG_RRN, NAME, DESCRIPTION, COLUMN_NAME, TABLE_RRN, TAB_RRN, SEQ_NO, DISPLAY_LENGTH, DISPLAY_TYPE, NAMING_RULE, KEY_FLAG, NEGATIVE_FLAG, REF_LIST_NAME, REF_TABLE_NAME, REFERENCE_RULE, DEFAULT_VALUE, DISPLAY_FLAG, BASIC_FLAG, MAIN_FLAG, READONLY_FLAG, REQUIRED_FLAG, UPPER_FLAG, FROM_PARENT, QUERY_FLAG, QUERY_REQUIRE_FLAG, ALL_LINE, EDITABLE, LABEL, LABEL_ZH, LABEL_RES, QUERY_LIKE_FLAG)
values ('-5926646810046091264', 'Y', '0', 'currentQty', '数量', null, '-6276026874342658048', null, '20', '100', 'int', null, 'N', 'N', null, null, null, null, 'Y', 'N', 'Y', 'N', 'N', 'N', 'N', 'N', 'N', null, 'Y', 'currentQty', '数量', null, 'N');

insert into nb_field (OBJECT_RRN, ACTIVE_FLAG, ORG_RRN, NAME, DESCRIPTION, COLUMN_NAME, TABLE_RRN, TAB_RRN, SEQ_NO, DISPLAY_LENGTH, DISPLAY_TYPE, NAMING_RULE, KEY_FLAG, NEGATIVE_FLAG, REF_LIST_NAME, REF_TABLE_NAME, REFERENCE_RULE, DEFAULT_VALUE, DISPLAY_FLAG, BASIC_FLAG, MAIN_FLAG, READONLY_FLAG, REQUIRED_FLAG, UPPER_FLAG, FROM_PARENT, QUERY_FLAG, QUERY_REQUIRE_FLAG, ALL_LINE, EDITABLE, LABEL, LABEL_ZH, LABEL_RES, QUERY_LIKE_FLAG)
values ('-5926663762818879488', 'Y', '0', 'materialLotId', '物料批次号', null, '-6276026874342658048', null, '10', '100', 'text', null, 'N', 'N', null, null, null, null, 'Y', 'Y', 'Y', 'N', 'N', 'N', 'N', 'Y', 'N', null, 'Y', 'materialLotId', '物料批次号', null, 'N');

insert into nb_field (OBJECT_RRN, ACTIVE_FLAG, ORG_RRN, NAME, DESCRIPTION, COLUMN_NAME, TABLE_RRN, TAB_RRN, SEQ_NO, DISPLAY_LENGTH, DISPLAY_TYPE, NAMING_RULE, KEY_FLAG, NEGATIVE_FLAG, REF_LIST_NAME, REF_TABLE_NAME, REFERENCE_RULE, DEFAULT_VALUE, DISPLAY_FLAG, BASIC_FLAG, MAIN_FLAG, READONLY_FLAG, REQUIRED_FLAG, UPPER_FLAG, FROM_PARENT, QUERY_FLAG, QUERY_REQUIRE_FLAG, ALL_LINE, EDITABLE, LABEL, LABEL_ZH, LABEL_RES, QUERY_LIKE_FLAG)
values ('-5926623899616792576', 'Y', '0', 'materialName', '物料代码', null, '-6276026874342658048', null, '30', '100', 'text', null, 'N', 'N', null, null, null, null, 'Y', 'Y', 'Y', 'N', 'N', 'N', 'N', 'N', 'N', null, 'Y', 'materialName', '物料代码', null, 'N');

insert into nb_field (OBJECT_RRN, ACTIVE_FLAG, ORG_RRN, NAME, DESCRIPTION, COLUMN_NAME, TABLE_RRN, TAB_RRN, SEQ_NO, DISPLAY_LENGTH, DISPLAY_TYPE, NAMING_RULE, KEY_FLAG, NEGATIVE_FLAG, REF_LIST_NAME, REF_TABLE_NAME, REFERENCE_RULE, DEFAULT_VALUE, DISPLAY_FLAG, BASIC_FLAG, MAIN_FLAG, READONLY_FLAG, REQUIRED_FLAG, UPPER_FLAG, FROM_PARENT, QUERY_FLAG, QUERY_REQUIRE_FLAG, ALL_LINE, EDITABLE, LABEL, LABEL_ZH, LABEL_RES, QUERY_LIKE_FLAG)
values ('-5929252472752164864', 'Y', '0', 'currentQty', '数量', null, '-6276044821400375296', null, '30', '100', 'int', null, 'N', 'N', null, null, null, null, 'Y', 'Y', 'Y', 'N', 'N', 'N', 'N', 'N', 'N', null, 'Y', 'currentQty', '数量', null, 'N');

insert into nb_field (OBJECT_RRN, ACTIVE_FLAG, ORG_RRN, NAME, DESCRIPTION, COLUMN_NAME, TABLE_RRN, TAB_RRN, SEQ_NO, DISPLAY_LENGTH, DISPLAY_TYPE, NAMING_RULE, KEY_FLAG, NEGATIVE_FLAG, REF_LIST_NAME, REF_TABLE_NAME, REFERENCE_RULE, DEFAULT_VALUE, DISPLAY_FLAG, BASIC_FLAG, MAIN_FLAG, READONLY_FLAG, REQUIRED_FLAG, UPPER_FLAG, FROM_PARENT, QUERY_FLAG, QUERY_REQUIRE_FLAG, ALL_LINE, EDITABLE, LABEL, LABEL_ZH, LABEL_RES, QUERY_LIKE_FLAG)
values ('-5929323990400094208', 'Y', '0', 'materialLotId', '物料批次号', null, '-6276044821400375296', null, '10', '100', 'text', null, 'N', 'N', null, null, null, null, 'Y', 'Y', 'Y', 'N', 'N', 'N', 'N', 'N', 'N', 'N', 'Y', 'materialLotId', '物料批次号', null, 'N');

insert into nb_field (OBJECT_RRN, ACTIVE_FLAG, ORG_RRN, NAME, DESCRIPTION, COLUMN_NAME, TABLE_RRN, TAB_RRN, SEQ_NO, DISPLAY_LENGTH, DISPLAY_TYPE, NAMING_RULE, KEY_FLAG, NEGATIVE_FLAG, REF_LIST_NAME, REF_TABLE_NAME, REFERENCE_RULE, DEFAULT_VALUE, DISPLAY_FLAG, BASIC_FLAG, MAIN_FLAG, READONLY_FLAG, REQUIRED_FLAG, UPPER_FLAG, FROM_PARENT, QUERY_FLAG, QUERY_REQUIRE_FLAG, ALL_LINE, EDITABLE, LABEL, LABEL_ZH, LABEL_RES, QUERY_LIKE_FLAG)
values ('-5929277671862161408', 'Y', '0', 'materialName', '物料代码', null, '-6276044821400375296', null, '20', '100', 'text', null, 'N', 'N', null, null, null, null, 'Y', 'Y', 'Y', 'N', 'N', 'N', 'N', 'N', 'N', 'N', 'Y', 'materialName', '物料代码', null, 'N');


-- nb_table
insert into nb_table (OBJECT_RRN, ACTIVE_FLAG, ORG_RRN, NAME, DESCRIPTION, CATEGORY, TABLE_NAME, STYLE, MODEL_NAME, MODEL_CLASS, WHERE_CLAUSE, ORDER_BY, INIT_WHERE_CLAUSE, GRID_Y_BASIC, GRID_Y_QUERY, LABEL, LABEL_ZH, LABEL_RES)
values ('-5927448154306760704', 'Y', '0', 'VCReturnGoodsOrder', '退货单', null, null, '2', 'ReturnLotOrder', 'com.newbiest.mms.model.ReturnLotOrder', null, null, null, null, null, 'ReturnGoodsOrder', '退货单', null);

insert into nb_table (OBJECT_RRN, ACTIVE_FLAG, ORG_RRN, NAME, DESCRIPTION, CATEGORY, TABLE_NAME, STYLE, MODEL_NAME, MODEL_CLASS, WHERE_CLAUSE, ORDER_BY, INIT_WHERE_CLAUSE, GRID_Y_BASIC, GRID_Y_QUERY, LABEL, LABEL_ZH, LABEL_RES)
values ('-6276026874342658048', 'Y', '0', 'VCReturnGoods', '退货', null, null, '2', 'MaterialLot', 'com.newbiest.mms.model.MaterialLot', null, null, null, null, null, 'VCReturnGoods', '退货', null);

insert into nb_table (OBJECT_RRN, ACTIVE_FLAG, ORG_RRN, NAME, DESCRIPTION, CATEGORY, TABLE_NAME, STYLE, MODEL_NAME, MODEL_CLASS, WHERE_CLAUSE, ORDER_BY, INIT_WHERE_CLAUSE, GRID_Y_BASIC, GRID_Y_QUERY, LABEL, LABEL_ZH, LABEL_RES)
values ('-6276044821400375296', 'Y', '0', 'VCImportReturnLotOrder', '退货单导入', null, null, '2', 'MaterialLot', 'com.newbiest.mms.model.MaterialLot', null, null, null, null, null, 'VCImportReturnLotOrder', '退货单导入', null);
